<?xml version="1.0" encoding="utf-8"?>
<extension version="3.1" type="plugin" group="search" method="upgrade">
	<name>Search - JooDB</name>
	<author>Dirk Hoeschen - computer * daten * netze : feenders</author>
	<creationDate>Oct 2014</creationDate>
	<copyright>Copyright (C)2014 computer * daten * netze : feenders. All rights reserved.</copyright>
	<license>GNU/GPL v3</license>
	<authorEmail>hoeschen@feenders.de</authorEmail>
	<authorUrl>http://joodb.feenders.de</authorUrl>
	<version>2</version>
	<description>
	    <![CDATA[This plugin searches in all enabled JooDB Databases using the Joomla standard search.<br/>
			Remember... you MUST ENABLE the plugin in the Joomla plugin manager after installation!]]>
	</description>
	<files>
		<filename plugin="joodb">joodb.php</filename>
	</files>
	<config>
		<fields name="params">	
			<field name="search_limit" type="text" size="5" default="20" label="Search Limit" description="Number of search-items to return per database"/>
		</fields>
	</config>
</extension>
