<?xml version="1.0" encoding="utf-8"?>
<install type="module" version="1.5.0" method="upgrade" client="site">
	<name>Custom HTML advanced</name>
	<author>Pluginaria.com</author>
	<creationDate>November 2013</creationDate>
	<copyright>Copyright (C) 2013 Pluginaria.com.</copyright>
	<license>GNU/GPL v2 or later http://www.gnu.org/licenses/gpl-2.0.html</license>
	<authorEmail>feedback@jtricks.com</authorEmail>
	<authorUrl>www.pluginaria.com</authorUrl>
	<version>2.6</version>
	<description>
            Allows to place custom HTML into module position.
            Unlike standard mod_custom, can modify module chrome it is displayed with (to remove boxes
            around the module usually imposed by some templates in certain module positions).
	</description>
	<languages>
            <language tag="en-GB">language/en-GB/en-GB.mod_custom_advanced.ini</language>
        </languages>
	<files>
		<filename module="mod_custom_advanced">mod_custom_advanced.php</filename>
	</files>                                                                                                                        
	<params>
		<param name="customHtml"
		       type="textarea" filter="raw" default="" label="Custom HTML" description="" rows="32" cols="40"/>
		<param name="evalPhp"
                       type="textarea"
                       default="" label="Custom PHP code" description="" rows="16" cols="40"/>
		<param name="moduleStyle"
                       type="text"
                       default=""
                       label="Override module inclusion style (chrome) set by template"
                       description="Use 'none' (without quotes) to remove chrome imposed by template."/>
                <param name="@spacer" type="spacer" default="HTML Header options" />
		<param name="cssOverride"
                       type="textarea" default=""
                       label="CSS style overrides"
                       description="Will be placed inside style tag in HTML header."
                       rows="16" cols="40"/>
		<param name="styleSheet"
                       type="text" default=""
                       label="CSS style sheet"
                       description="Style sheet (.css) file. Will be referenced in HTML header."/>
		<param name="javascriptFile"
                       type="text" default=""
                       label="Javascript file"
                       description="Javascript file (.js) file. Will be referenced in HTML header."/>
	</params>
	<params group="advanced">
		<param name="moduleclass_sfx" type="text" default="" label="Module Class Suffix" description="PARAMMODULECLASSSUFFIX" />
		<param name="cache" type="list" default="1" label="Caching" description="Select whether to cache the content of this module">
			<option value="1">Use global</option>
			<option value="0">No caching</option>
		</param>
	</params>
</install>
