<?xml version="1.0" encoding="utf-8"?>
<extension version="2.5" type="plugin" group="quickicon">
	<name>plg_quickicon_joodb</name>
	<author>Feenders.de</author>
	<creationDate>May 2012</creationDate>
	<copyright>Copyright (C) 2012 All rights reserved.</copyright>
	<license>http://www.gnu.org/licenses/gpl-2.0.html GNU/GPL</license>
	<authorEmail>service@feenders.de</authorEmail>
	<authorUrl>www.feenders.de</authorUrl>
	<version>2.6</version>
	<description>PLG_QUICKICON_JOODB_XML_DESCRIPTION</description>
	<files>
		<filename plugin="joodb">joodb.php</filename>
	</files>
	<languages>
		<language tag="en-GB">en-GB.plg_quickicon_joodb.ini</language>
		<language tag="en-GB">en-GB.plg_quickicon_joodb.sys.ini</language>
		<language tag="de-DE">de-DE.plg_quickicon_joodb.ini</language>
		<language tag="de-DE">de-DE.plg_quickicon_joodb.sys.ini</language>
	</languages>	
	<config>
		<fields name="params">
			<fieldset name="basic">
				<field name="context"
					type="text"
					default="mod_quickicon"
					description="PLG_QUICKICON_JOODB_GROUP_DESC"
					label="PLG_QUICKICON_JOODB_GROUP_LABEL"
				/>
			</fieldset>
		</fields>
	</config>
</extension>
